Codenametop,Codenameright,Codenamebottom,Codenameleft
Handcuff,Karaoke,Human,Quarter
Braid,Hangnail,Wipe,Clothing
Hardcover,Paddock,Entrepreneur,Medusa
Turkey,Ceremony,Sulphur,Prop
Nightmares,Platypuses,July,Regiment
Snuggle,Segregate,Plains,Temper
Protest,Event,Framework,Yawn
Chase,Cavity,Plush,Carry
Conditioner,Turban,Peck,Hash
Check,Ammonia,Rhythm,Palm
Sprain,Fraction,Retainer,Murder
Boardwalk,Weaver,Quibble,Tether
Skeletons,Crescent,Viking,City
Fallback,Shekel,Vet,Middle
Locke,Jersey,Hades,Ghoul
Wall,Chest,Rule,Chimps
Crossbow,Kite,Solid,Caboose
Marmalade,Movie,Phoenix,God
Stilton,Garlic,Dick,Lilac
Butter,Colossus,Epidermis,Island
Fasting,Vogue,Cake,Eden
Banzai,Zaire,Spleen,Gum
Doze,Monolith,Spanking,Sign
Stimulant,Groupie,Curie,Organ
Inventory,Sword,Vent,Pussy
Frustration,Ishtar,Creature,Parallel
Dummy,Darling,Tread,Jordan
Rome,Rocks,Ribbon,Icecream
Quran,Malfunction,Mallet,Lead
Libido,Doughnuts,Camp,Fuse
Ass,Hotel,Fling,Linux
Fiddle,Large,Drift,Stable
Sandal,Father,Swoon,Bang
Chair,Buckwheat,Vodka,Hostess
Metaphor,Mercury,Constitution,Chile
Merlin,Piccolo,Priest,Mohawk
Hallucination,Consent,Kant,History
Tacks,Orange,Blade,Swan
Boom,Pseudonym,Saliva,Plane
Venus,Fool,Hind,Jewel
Tentacles,Gnome,Disaster,Ocean
Yangtze,Prick,Elizabeth,Volcanoes
Omelets,Languor,Format,Mullet
Armadillo,Mosquito,Intersection,Aneurysm
Wattle,Portal,Franklin,Freedom
Hedge,Sponge,Clutter,Weasel
Wallet,Saloon,Agent,Cranberry
Panic,Villa,Tailwind,Mandible
Sauna,Stripes,Thud,Canon
Helicopter,Backbone,Pileup,Genie
Beowulf,Snapdragon,Gain,Octopi
Cubicle,Cherries,Venezuela,Nightingale
Wig,Aves,Hamster,Sneaker
Leech,Sludge,Innocent,Chic
Thaw,Iran,Crate,Germany
Peso,Yearling,Dye,Virgin
Ptolemy,Arch,Devil,Candle
Calf,Advocate,Concrete,Cattle
Sediment,Pasta,Express,Creek
Portrait,Eagle,Desk,Pancakes
Primo,Shampoo,Watchdog,Harakiri
Hydrangea,Contra,Millennium,Oology
Ring,Area,Above,Hull
Junior,Calligraphy,Volcano,Quid
Whip,Eggs,Sling,Chickadee
Bridge,Statue,Crocodile,Errand
Percipient,Cycle,Choke,Baron
Dial,Bread,Double,Virus
Shack,Melancholy,Circumstance,Blackjack
Idol,Beer,Cruise,Whale
West,Hit,Delight,Roots
Cable,Millipede,Shop,Commando
Pasteur,Brick,Macedonia,Anaconda
Stalin,Oedipus,Headache,Xavier
Niche,Cardboard,Mortar,Parliament
Sty,Marker,Article,Bologna
Exorcist,Justice,Executive,Cartridge
Falter,Grave,Petrol,Ben
Swiss,Rink,Isolation,Guerilla
Fowl,Charcoal,Hobo,Carbon
Sperm,Plaits,Lace,Fallout
Layer,Squire,Insanity,Transport
Ballerina,Dentist,Bangs,Afro
Clerk,Food,Magma,Surface
Stupid,Artemis,Philosophy,Nerd
Sibling,Strength,Waves,Ballot
Archimedes,Round,Goldfinch,Heroin
Spoon,Sandpaper,Cry,Garland
Inca,Scurry,Nacho,Gasoline
Hickey,Symmetry,Chariot,Limb
Factor,Saurel,Flower,Cookie
Siege,Navajo,Gorgon,Maid
Rookie,Persona,Heavy,Buddy
Stutter,Flute,Amazon,School
Sardine,Hoover,Potatoes,Quarry
Shit,Gun,Dollars,Singer
Radio,Betrayal,Mimic,Muslim
Flight,Treat,Blight,Collie
Position,Galileo,Wiggle,Harvest
Madam,Mitten,Cheetah,Insert
Mark,Jeweler,Dip,Magnet
Fold,Rampart,Letter,Swashbuckler
Heart,Earth,Moneygrubber,Mortal
Companion,Slope,Xenophobia,Pythagoras
Deed,Stiffness,Clean,Alexander
Flag,Foretaste,Identification,Royal
Dirt,Eve,Bounty,Display
Blt,Fireplace,Underpants,Dolphin
Flake,Starling,Award,Kingdom
Flash,Shuttle,Sentinel,Prescription
Fine,Hangover,Noah,Thoreau
Pile,Assistant,Sparta,Reptile
Pennies,General,Pocket,Ball
Down,Adventure,Lab,Strobe
Tobacco,Kiwi,Type,Marzipan
Shoulder,Housekeeper,Dime,Caucasians
Hall,Digit,Abomination,Clam
Metropolitan,Ramp,Genre,Roulette
Riddle,Simpleton,Slipper,Hospice
Nocturne,Nursery,Affair,Orion
Gay,Howdy,Bayberry,Doctors
Geisha,Diapers,Cyst,Stem
Oysters,Fairy,Sack,Confusion
Impulse,Nymph,Boss,Ton
Account,Photograph,Coffee,Salsa
Honeymoon,Building,Pedestal,Diary
Citizen,Everest,Sharp,Augustine
Satan,Flex,Flipper,Leg
Valve,Jalopy,Wish,Buffoon
Chart,Intestines,Grand,Clincher
Flail,Lust,Origin,Soot
Pharmacy,Potassium,Overload,Limit
Pickle,Fringe,Polio,Tear
Doctor,Restaurant,Longbow,Mint
Increase,Painter,Name,Atlanta
Zed,Yard,Spook,Frigate
Load,Credit,Decade,Tomb
Thread,Snap,Taurus,Athens
Sushi,Sesame,Station,Menorah
Persia,Zucchini,Shallow,Zest
Bismuth,Foxtrot,Tiger,Kgb
Support,Hurrah,Banana,Mom
Kingfisher,Diver,Reservoir,Present
Harbor,Shower,Dresses,Softballs
Feline,Peppermint,Achilles,Blizzard
Opinion,Mudskipper,Six,Foul
Tannin,Circle,Crater,Brew
Folk,Twiddle,Camel,Sumo
Plastic,Cube,Elevation,Frappe
Rate,Vacancies,Emperor,Duct
Memories,Application,Biscuit,Tap
Sin,Worms,Beverage,Mangoes
Level,Canine,Mixture,Suspension
Excuse,Tinder,Arm,Brownie
Martini,Skirt,Reek,Bulldog
Broadsword,Lasagna,Quad,Web
Coral,Famine,Drought,Sacrifice
Fledgling,Pixie,Crab,Mask
Rhombus,Aluminum,Herring,Drawer
Fishing,Uganda,Stroll,Fidelity
Professor,Coil,Land,Donatello
Stump,Tizzy,Flirt,Oracle
Four,Anthem,Bougainvillea,Tariff
Chord,Dreadnought,Elegy,Aubergine
Babes,Record,Son,Moses
Skip,Siren,Nil,Passenger
Actor,Tweezers,Principal,Ally
Car,Vacuum,Wichita,Landscape
Appendix,Diamond,Ink,Olympus
Diet,Lucifer,Blank,Ireland
Tightwad,Dodge,Sanity,Show
Bombshell,Legion,Lorry,Celery
Helen,Otorhinolaryngologist,Drive,Sniff
Pegasus,Mansion,Warbler,Golgotha
Varnish,Hibiscus,Carnival,Content
Mandate,Gild,Krypton,Premium
Singing,Fruit,Assyria,Vault
Cord,Rectum,Knoll,Tern
Nectarines,Brief,Pedigree,Shorts
Junkie,Lame,Orgy,Bucket
Jewels,Lampoon,Oscar,Vessel
Shaft,Phlegm,Cell,Tongue
Sole,Coal,Testudo,Cozy
Gamble,Debate,Pitcher,Hate
Amateur,Slap,Satyr,Coverts
Snuff,Esophagus,Rap,Swamp
Yoghurt,Lodger,Copy,Dungarees
Aromatherapy,Effigy,Quiet,Bait
Charlemagne,Tarmac,Bean,Christmas
Agriculture,Willow,Generator,Font
Species,Gull,Musketeer,Swinger
Affliction,Tricycle,Melody,Puppet
Server,Drainage,Fleet,Automatic
Samba,Pimple,Laugh,Amulet
Shoe,Suck,Choir,Menhir
Bulldozer,Waitress,Coliseum,Yeast
Accident,Text,Migration,Blacksmith
Grotesque,Crisps,Slave,Con
Native,Liquid,Rosewood,Ice
Oats,Pancreas,Obsession,Band
Blizzards,Nozzle,Hypoxia,Roll
Ashes,Mars,Dido,Analyst
Proposition,Palsy,Panther,Journey
Raves,Astronaut,Asparagus,Borscht
Moody,Ornament,Hypo,Whiplash
Buddha,Halloween,Eel,Whim
Urge,Attribute,Televisions,Bog
Telescope,Gps,Haggis,Tyre
Grip,Red,Trigonometry,Rats
Copernicus,Peel,Soul,Beak
Set,Leonardo,Ambush,Mississippi
Donation,Garbage,Storage,Ravens
Byzantine,Spine,Nibble,Maze
Spoil,Iceland,Musk,Cupcake
Kitty,Lima,Chute,Alps
Manslaughter,Tyrant,Xerox,Exchange
Party,Santiago,Goose,Jam
Smelt,Football,Fountain,Leer
Miss,Crust,Close,Quill
Old,Lit,Airport,Boot
Bunny,Paparazzi,Verse,Nylon
Auditorium,Onion,Ward,Basketball
Dvd,Binding,Arabia,Scam
Gospel,Pink,Franco,Share
Meddler,Float,Cardinal,Fit
Shark,Carroll,Discharge,Molasses
Thorn,Trickery,Night,Statement
Parent,Index,Trapeze,Report
Mickey,Capricorn,Scar,Muscle
Radish,Jeopardy,Forest,Triangles
Gilgamesh,Pounce,Europe,Ebony
Drivel,Frisbee,Trousers,Necklace
Wheelchair,Play,Terrorist,Dracula
Diner,Cucumber,Skates,Reef
Llama,Liquor,Centurion,Lemon
Measles,Ten,Venice,Hitman
Thou,Miracle,Cast,Bakery
Trim,Earthworm,Health,Gums
Blockbuster,Friday,Raider,Leftover
Whole,Beehive,Oligarchy,Hockey
Sociopath,Ravine,Pump,Shogun
Checkup,Underwear,Hose,Saint
Hooters,Coyote,Trolley,Visa
Forecast,Consumer,Crabs,Tickle
Erotic,Wing,Alloy,Submarine
Grief,Knight,Bling,Chihuahua
Cup,Silver,Intro,Droops
Berlin,Pull,Macaroni,Slider
Flintlock,Masking,Jump,Sherlock
Remedy,Nightfall,Cuffs,Veranda
Pastry,Mean,Abdomen,Throwback
Kansas,Smuggler,Pod,Tartarus
Scent,Antiquity,Chopper,Bigfoot
Walrus,Pneumonia,Orbit,Persephone
Escape,Turnips,Uniformity,Daughter
Puzzlement,Feather,Bowl,Sub
Haze,Minotaur,Might,Glass
Camisole,Gastritis,Major,Genius
Ostrich,Equinoctial,Hybrid,Flat
Conductor,Hag,College,Purgatory
Bible,Favor,Hotdog,Genesis
Tape,Dugong,Summer,Sewer
Udders,Glasses,Humour,Rasta
Sherwood,Lube,Utensil,Iris
Peace,Phoenicia,Pathway,Raptor
Miscalculation,Excitement,Standoff,Violin
Latex,Mayor,Rhubarb,Mao
Attraction,Peter,Beanbag,Barbarism
Lung,Bitch,Eggbeaters,Mesoamerica
Tuxedo,Give,Basilisk,Lake
Isis,Theocracy,Terminator,Plumage
Hand,Holy,Corduroy,Pyramids
Skeleton,International,Impala,Barracks
Senate,Fetish,Handout,Bronze
Belief,Osprey,Bag,Snooze
Laser,Button,Algorithm,Empress
Falcon,Rank,Widow,Phalanx
Computer,Pace,Pit,Gate
Columbus,Fugitive,Babel,Himalayas
Ratchet,Bust,Rump,Stoop
Influence,French,Stimulus,Facility
Horseshoe,Demon,Animals,Infancy
Flattery,Cinema,Aboriginal,Radar
Sucker,Apology,Sodium,Police
Bride,Bi,Burn,Lighthouse
Hollywood,Slut,Sound,Sinai
Knees,Pollen,Heel,Delivery
Pursuer,Custard,Turret,Amber
Strap,Concentrate,Scott,Toll
Ankylosaurus,Switzerland,Jolt,Emergency
Chop,Kiss,Boulders,Steam
Hitch,Romeo,Spears,Fever
Liquorice,Graveyard,Spirit,Mouthful
Stowaway,Tramp,Coast,Pirate
Glabella,Teal,Vow,Pale
Braggart,Boasting,Rub,Take
Full,Azure,Vision,Overachiever
Monument,Frenzy,Hearing,Robot
Flavor,Alliance,Hunk,Pacifier
Simulation,Fetus,Blonde,Clockwork
Marshmallow,Crevice,Razor,Tnt
Boxer,Condition,Vishnu,Communist
Hair,Aunty,Lightning,Dew
Rat,Maintenance,Crest,Bodies
Barb,Ambulance,Isomer,Hatchet
Rhine,Napkin,Depression,Combat
Yolk,Phenomenon,Mayan,Cabinet
Guardian,Buff,Dropout,Kind
Blackfoot,Tag,Prophecy,Fashion
Color,Underdevelopment,Blouse,Mosquitoes
Entropy,Demolition,Kitsch,Chlorine
Mane,Register,Skewer,Sartre
Anxiety,Sand,Flamingo,Swallow
Lamb,Dungeon,Sadist,Sail
Dark,America,Festival,Agony
Scarecrow,Pierce,Mirror,Bluebird
Mail,Tutu,Bristol,Testosterone
Dart,Magazine,Trigger,Orgasm
Tender,Chill,Pathogen,Crockery
Lady,Presents,Cerberus,Quail
Bonsai,Left,Jellyfish,Warts
Frequency,Adapter,Hummingbird,Flashback
Outlaw,Sommelier,Vigor,Caligula
Convolution,Provocateur,Device,Suspender
Traitor,Banshee,Fable,Explosion
Black,Hip,Urals,Usa
Joystick,Calorie,Dionysus,Ground
Tutsi,Ordinary,Lounge,Stocks
Portmanteau,Peninsula,Fence,Ringer
Atrophy,Museum,Email,Lazarus
Tripod,Mousse,Chrome,Codfish
Pecker,Mathematics,Hobbies,Note
Gentleman,Oregano,Sake,Fleas
Piggyback,Alchemist,Oregon,Stocking
Freelance,Jive,Ford,Sow
Contract,Scuba,Mongolia,Jugs
Truth,Bark,Turtles,Word
Pastel,Oyster,Lunchroom,Control
Remote,Giraffe,Cantaloupe,Ballista
Harmonics,Clay,Bird,Tusk
Opposite,Trash,Tram,Touchdown
Tab,Desert,Cause,Ride
Baby,Dough,March,Oak
Blood,Knuckles,Maniac,Exhibitionist
Proclamation,Leaf,President,Eggplant
Saucer,Tit,Neighbor,Custom
Lagoon,Crusader,Cloaca,Tennyson
Chief,Abstinence,Hollow,Utilitarian
Whisper,Shawnee,Cutlasses,Saline
Grind,Xylophone,Queue,Candidate
Sydney,Blinker,Tacos,Sanguine
Rhinoceros,Artisan,Hook,Suitcase
Alacrity,Know,Cauliflower,Stroke
Kill,Motor,Nachos,Whoops
Solstice,Ennui,Beta,Rohypnol
Bouquet,Flour,Scientist,Gingerbread
Metal,Pitch,Burrito,Capacity
Freckle,Aug,Yahoo,Ruble
Tiamat,Flounders,Diagnosis,Run
Sailor,Afterlife,Loan,Prayer
Oliver,Cobbler,Fenrir,Porn
Mountain,Mango,Skate,Blond
Steak,Monastery,Squid,Rubber
Dust,Browser,Mass,Frown
Giant,Branch,Gorgonzola,Jerk
Stoat,Rust,Animism,Filling
Shape,Downtown,Halloo,Track
Oboe,Chamber,Post,Electorate
Earthquakes,Music,Stick,Gallium
Fossil,Tune,Deer,Parcel
Cacophony,Cia,Ares,Kilt
Region,Melons,Rum,Misery
Apollo,Patron,Pushover,Build
Fractal,Bouncer,Hex,Player
Pony,Pop,Terrarium,Rainbow
Cramp,Nepotism,Strip,Religion
Redhead,Signal,Tunic,Stagger
Phase,Lobster,Spatula,Zero
Hemorrhoids,Knockers,Conjugate,Papyrus
Hearth,Mutton,Damper,Torch
Hoe,Rail,Win,Anchor
Fraud,Chalk,Cyanosis,Corpse
Sally,Handkerchief,Flank,King
Merchant,Penalty,Spouse,Sinkhole
Valhalla,Dome,Swahili,Terminal
Valor,Sweetheart,Laundry,Gall
Bolt,Parmesan,Brigade,Sleeve
Dot,Lycanthrope,Cockroaches,Ape
Carrier,Witness,Wad,Bench
Mileage,Barber,Snug,Body
Barter,Mine,Beat,Lava
Scissors,Quick,Jerusalem,Jfk
Quadruped,Piggishness,Wizard,Alligators
Slice,Stalker,Booty,Parthenon
Brothel,Taxidermy,Memorial,Vatican
Terminology,Ditch,Wench,Apricots
Dill,Specs,Den,Same
Fret,Conduct,Pine,Hatch
Parrots,Swelling,Serf,Ant
Chopsticks,Crossbill,Lightweight,Spell
Great,Schedule,Club,Mat
Trial,Paris,Tan,Golem
Bone,String,Barbecue,Cyprus
Strategy,Nutcracker,Maggot,Tentacle
Pianist,Thermal,Holiday,Funeral
Log,Udder,Patroclus,Analog
Piece,Enough,Stalk,Heaven
Scythe,Boulevard,Peasant,Lift
Admiral,Pearl,Morpheus,File
Research,Mob,Automobile,Zeal
Battle,Dependency,Strain,Magpie
Croissant,Diogenes,Stain,Knowledge
Persecution,Seoul,Sociology,Elastic
Farmer,Literature,Nutmeg,Pantheon
Perilla,Gooseberry,Umbrellas,Expert
Clasp,Prune,Omega,Screen
Poem,Wobble,Proletariat,Psychiatrist
Pallet,Announcement,Apatosaurus,Truck
Rent,Raven,Plutarch,Spank
Artist,Cough,Phantom,Scolding
Cone,Mackerel,Center,Dive
Nothing,Hazard,Spreadsheet,Abyssinian
Bleach,Taurine,Frame,Steer
Shore,Bluff,Gill,Birthmark
Backgammon,Bishop,Dilemma,Idiots
Parasite,Frog,Aftershock,Nerve
Rickshaw,Handle,Prison,Metro
Storm,Alaska,Cascade,Lawyer
Hustle,Virginia,Panacea,Lord
Pair,Peach,Hardware,Pinto
Pistol,Rubbish,Imp,Cancer
Evening,Cricket,Oviduct,Wolverine
Digest,Fox,Basement,Burlap
Bind,Succubus,Extinction,Syria
Hoodlum,Kick,Clear,Eradication
Pad,Lease,Cross,Warmth
Fortune,Walk,Flatulence,Notification
Sahara,Radiator,Package,Stimulation
Emotion,Disneyland,Number,Highway
Tomato,Burrow,Embassy,Die
Chainsaw,Brand,Octavian,Darwin
Cannibalism,Lingerie,Swoosh,Pilot
UFO,Hay,Bra,Nude
Zoo,Centaur,Herod,Brutus
Traffic,Sprite,Nafta,Grate
Money,Mosque,Fighter,Vendetta
Squall,Foolishness,Ogre,Seed
Vehicle,Sos,Blossom,Kosovo
Lumber,Decision,Buffer,Florida
Oar,Niobium,Sorrow,India
Stigma,Shirt,Stove,Drunk
Djinn,Amigo,Camouflage,Ammo
Troop,Slacker,Trailer,Slang
Rectangles,Goblet,Bear,Ddt
Dam,Dress,Moray,Meal
English,Mobile,Chad,Mutant
Finger,Setting,Radiation,Ottoman
Scorpio,Limo,Motorway,Narwhal
Flare,Communism,Autocracy,Indigo
Crime,Have,Constipation,Loft
Jet,Duke,Alarm,Finland
Oval,Hammer,Bonfire,Biology
Freak,Velocity,Permanent,Shin
Elephantiasis,Bead,Ski,Rumba
Hump,Dominant,Ban,Raise
Fedora,Impress,Rift,Marxist
Neck,Tablet,Irony,Commonwealth
Malice,Chirp,Combustion,Kettle
Henchman,Kamikaze,Young,Cocktail
Whiskey,Hoes,Pierre,Twitch
Stoic,Ingredient,Jester,Beijing
Scroll,Toy,Rite,Pew
Bathe,Juice,Console,Nova
Hypnotic,Spectrum,Potter,Sulfur
Spice,Flea,Opera,Vegetable
Duck,Waste,Cog,Convulsion
Brewer,Size,Pope,Suite
Mixer,Meow,Caravan,Asbestos
Thick,Kangaroo,Mono,Clutch
Pupil,Collagen,Moan,Technology
Ephemeral,Wheat,Url,Eyebrow
Sex,Blind,Antenna,Karen
Dig,Bisexual,Keyboard,Election
Pen,Quetzalcoatl,Wood,Bee
Nightmare,Pastrami,Vine,Laputa
Spot,Height,Jumble,Joker
Thief,Midnight,Sabotage,Tart
Mill,Cop,Voyeur,Percussion
Depth,Fast,Basic,Rook
Aqueduct,Horn,Dinosaur,Alchemy
Kickoff,Opossum,Guide,Span
Replay,Bowels,Struggle,Overwork
Beagle,Scalpel,Policy,Shed
Boring,Jambalaya,Salmon,Gang
Bollywood,Stockings,Bingo,Nebula
Reconstruction,Pinch,Holstein,Reward
Musket,Drumstick,Anachronism,Sparrow
Pickup,Pinecones,Dairy,Memory
Cracker,Leave,Raisin,Illness
Vermont,Dopamine,Nile,Case
Oven,Stake,Uranus,Recipe
Benzodiazepine,Trauma,Veterinarian,Hurricane
Membrane,Lash,Horus,Cabin
Gangster,Guitar,Dynasty,Albuquerque
Pie,Risk,Row,Mallard
Home,Bomb,Floss,Crusade
Daffodil,Chlorophyll,Dubai,Vote
Kamasutra,Ship,Plummet,Router
Lifeguard,Library,Scandinavia,Grandfather
Accessory,Malar,Celebrity,Milk
Sashimi,Engine,Lantern,Roux
Oink,Dictation,Request,Jaguar
Mock,Screwdriver,Exit,Liver
Rockefeller,Roosevelt,Fungus,Termination
Hemingway,Salami,Durum,Peak
Flask,Italy,Theatre,Icicles
Swat,Bite,Pluto,Deal
Montana,Wacko,Yesterday,Knothole
Rib,Cyclops,Organism,Gravel
Formation,Euthanasia,Bribe,Mayonnaise
Meadow,Dignity,Buffalo,Grain
Treble,Gourmand,Troll,Lover
Password,Pilate,Marriage,Constriction
Trojan,Newspaper,Horsefly,Xenophon
Shoot,Wallabies,Spit,Turnover
Woof,Clout,Cellar,Aluminium
Combine,Creepers,Champagne,Vasectomy
Squad,Crew,Crustacean,Network
Jew,Tulip,Nonsense,Hippie
Gene,Hiccup,Emu,Dozen
Cash,Cushion,Caesar,Beryllium
Rasputin,Spin,Washer,Drum
Sizzle,Care,Virgo,Geography
Experiment,Leeches,Sonar,Rag
Exile,Pipe,Extermination,Recipient
Ecology,Hatred,Pack,Exorcism
Provision,Jingle,Revenge,Wyvern
Shrink,Core,Psychology,Freckles
Mahjong,Gram,Butt,Cactus
Deodorant,End,Afterglow,Vomit
Shells,Apron,Counterfeit,Kid
Incinerator,Solution,Bay,Pervert
Corporal,Dragon,Helium,Frankfurter
Sea,Throat,Bicycle,Aquarius
Law,Idler,Hug,Stream
Semi,Saddle,Lip,Opacity
Insult,Sunflower,Repetition,Stiletto
Dream,Rabbi,Shrine,Pompadour
Tally,Unicycle,Monarchy,Forward
Task,Chitchat,Egypt,Territory
Sink,Outbreak,Anesthetic,Robe
Negligee,Satellite,Crazy,Rover
Curve,Book,Carp,Comedian
Fender,Compliment,Gossipmonger,Swing
Vigilante,Twins,China,Pasture
Carbohydrate,Lemonade,Guild,Rod
Tack,Newton,Utopia,Disease
Trifle,Meltdown,Clarinet,Muzzle
Groceries,Perfect,Romulus,Metropolis
Sanctuary,Feathering,Move,Empathy
Khan,Strike,Temptation,Android
Shoshone,Ore,Tile,Stealth
Wisp,Wreck,Gossip,Bulb
Fate,Sample,Paper,Cat
Ginger,Target,Cover,Investigator
Soup,Swagger,Curry,Beast
Oxidation,Agitator,Afternoon,Cobweb
Thumbnail,Y2k,Cock,Uneasiness
Gouda,Blinder,Abuse,Spark
Stereotype,Spectre,Acne,Crosstie
Arrow,Captain,Itch,Joke
Aqua,Derby,Scorpion,Prince
Internet,Slit,Seasickness,Thanks
Grape,Moult,Reindeer,Rich
Domestic,Jackets,Jelly,Sore
Liar,Bonesetter,Vertical,Square
Macho,Pantaloon,Crow,Hardships
Salt,Roc,Poncho,Dylan
Gandhi,Model,Ex,Cusco
Yip,Flush,Wool,Bramble
Gravity,Avalanche,Capital,Brother
Splodge,Accent,Pioneer,Juggernaut
Daddy,Santa,Breed,Spire
Element,Perspiration,Orthopedist,Sleep
Shelter,Bali,Dope,Familiar
Roundabout,Pluck,Clue,Crane
Chimney,Predator,Nuts,Marbles
Tequila,Aquarium,Shrimp,Wyoming
Tall,Lenin,Gut,Apricot
Taunt,Boots,Johnson,Gag
Felt,Entry,Blow,Wake
Director,Yen,Torah,Hippo
Lms,Pat,Dressing,Detective
Carpet,Elite,Lance,Quack
Card,Chandelier,Mausoleum,Capitalism
Polymer,Fanny,Brewery,Gee
Interrogation,Runaway,Orchid,Partner
Balls,Fiji,Chaps,Feud
Tropic,Exam,Amusement,Superintendent
Grasshopper,Bike,Barn,Penis
Junk,Showdown,Mule,Underdog
Thomas,Dove,Apache,Motorboat
Generic,Maple,Lamprey,Werewolf
Wet,Revolution,Truffle,Vice
Skid,Silence,Battleship,Trainer
Patty,Geese,Tilt,Relish
Skill,Picture,Herodotus,Laptop
Cinch,Archery,Scrum,Dogma
Horizon,Musical,Stasis,Thickness
Train,Charlatan,Pill,Acrophobia
Air,Halberd,Molly,Railway
France,Pencil,Attention,Kappa
Cape,East,Congo,Pave
Outlet,Tornado,Busybody,Winning
Squint,Sled,Boomerang,Master
Diesel,Medic,Blackbird,Patient
Strangers,Killer,Monkeys,Sax
Gymnast,Travel,Legislature,Maroon
Squash,Lips,Crown,Topic
Insolence,Western,Vigil,Flunk
Glare,Brie,Fog,Minion
Stack,Embargo,Macao,Pan
Cockroach,Musician,Hint,Earl
Muffins,Socialism,Stock,Easter
Link,Flounder,Pixel,Flood
Fluke,Tumbler,Pediatrician,Spoke
Antithesis,Streak,Violet,York
Shelf,Watch,Earlobe,Won
Can,Litter,Motto,Identity
Harpist,Dingo,Rouge,Extortion
Madonna,Corona,Novel,Prophet
Knave,Faun,Wine,Ergometer
Sculpture,Hunger,Calamari,Muse
Church,Faction,Change,Rottweiler
Fertilization,Romanov,Poseidon,Receiver
Machine,Contest,Tuba,Throw
Flu,Amalgamation,Clouds,Evacuation
Dandruff,Tip,Sunrise,Thebes
Meme,Bonnet,Bugle,Stallion
Electrolysis,Limbo,Headboard,Box
Smoke,Viper,Python,Range
Principle,Catapult,Belvedere,Binary
Narcissism,Pizza,Federation,Madagascar
Speed,Gross,Arguing,Shell
Architecture,Stool,Oranges,Past
Layoff,Chickens,Gape,Concentration
Missile,Nationalism,Mast,Pride
Disregard,Title,Fbi,Entrance
Parade,Triangle,Ooze,Zoom
Dinosaurs,Price,Invite,Refuse
Superior,Hamlet,Abbey,Platypus
Preface,Leeway,Hawk,Passion
Character,Propagation,Airplane,Endeavor
Platform,Legend,Construct,Monk
Sweat,Rosemary,Rattlesnake,Wasabi
Shout,Ghosts,Reject,Comedy
Shade,Lubricant,Carol,Buckle
Teapot,Monopoly,Impunity,Noble
Knob,Sigh,Douche,Empire
Installation,District,Cockatrice,Even
Attila,Concert,Noon,Sting
Implant,Gherkin,Valkyrie,Aquatic
Whales,Annex,Honeydew,Indigestion
Wrestling,Blueberry,Hooker,Flick
Mace,Britain,Tense,Oldies
Incubation,Fortress,Dimetrodon,Fake
Ketamine,Boulder,Private,Sisyphus
Doggy,Panda,Loganberry,Envelope
Doe,Yarn,Future,Odyssey
Mouse,Velociraptor,Bourgeoisie,Endurance
Confession,Rayon,Contrary,Mosaic
Eggnog,Shares,Lute,Therapy
Defence,Mistletoe,Boar,Wild
Mba,Hamsters,Anime,Honor
Generation,Wound,Shepherd,Blunder
Dusk,Fireworks,Heavyweight,Stockholm
Poinsettia,Teeth,Shift,Apparition
Parka,Tipi,Mount,Plutonium
Taoism,Cyan,Theater,Twig
Glutton,Torture,Spear,Enigma
Isopod,Parrot,Antiserum,Origami
Month,Eloquence,Alexandria,Watermelon
Fluff,Yo-Yo,Gratification,Guess
Mile,Nucleus,Injection,Fur
Bonbon,Cheetahs,Artery,Blue
House,Zebra,Moth,Speech
Euclid,Cougar,Criminal,Agate
Harmonica,Chain,Rave,Acorn
Glitch,Security,Riot,Slump
South,Populism,Cult,Tortoise
Tangerines,Rot,Count,Wraith
Bach,Dildo,Gaia,Salad
Average,Cabbage,Chemist,Brace
Sycophant,Nausea,Athena,Windfall
Garage,Tod,Heracles,Labyrinth
Vinegar,Coke,Fault,Garfield
Intellect,Current,Floor,Dealings
Cuff,Superman,Carbonation,Aeneas
Seat,Legislation,Quiver,Spur
Explosive,Giveaway,Aztec,Makeup
Devolution,Panel,Gigo,Plate
Prostate,Baroque,Terrorism,Albino
Johnny,Couple,Hercules,Pub
Steel,Spain,Ferret,Grandma
Politicians,Monody,Incense,Kaaba
Shiva,Year,Acute,Education
Zephyr,Boil,Team,Kidney
Pickings,Time,Kisses,Exhaust
Notice,Spanish,Cologne,Sage
Lemons,Recent,Tax,Lyre
Peaches,Luke,Tuvalu,Meter
Wax,Transistor,Boxing,Circus
Nitrogen,Oasis,Portuguese,Skull
Sap,Page,Mod,Main
Krishna,Nanny,Apples,Humming
Bureau,Lap,Seminar,Korea
Leaves,Sorceress,Atmosphere,Bootstrap
Relay,Coin,Stylist,Novice
Spasm,Restitution,Short,Herb
Deity,Bunnies,Notch,Marx
Appetite,Cocoon,Chestnut,Barrier
Galaxy,Plato,Bolero,Glue
Lobby,Nettle,Oppression,Rain
Right,Contact,Rodeo,Climbing
Informant,Hanger,Flap,Spray
Grant,Informer,Ottawa,Plaster
Dagger,Cuticle,Vampire,Republic
Pursuit,Yogurt,Cupid,Pectin
Vanilla,Sight,Anteater,Pickles
Hellenism,Quilt,Science,Perch
Chisel,Odor,Romance,Horizontal
Daredevil,Cigarette,Soy,Apocalypse
Bagpipe,Inferno,Tiber,Smooth
Edward,Conservative,Gymnastics,Chains
Anarchy,Mattress,Wow,Beret
Yellowtail,Pot,Pinkie,Ramses
Apprentice,Mire,Cutlery,Thrill
Bottom,Tire,Performance,Water
Jungle,Prodigy,Catsup,Snake
Lunch,Peacock,Proxy,Momentum
Hole,Compass,Eyelet,Solder
Armor,Top,Avenger,Sense
Hammock,Oreo,Grey,Putin
Cliff,Japan,Evil,Partygoer
Power,Delicacy,Dryad,Chips
Purse,Assassin,Figure,Carelessness
Rest,Nest,Twitter,Liger
Plasma,Trek,Redundancy,Catcher
Feudalism,Subway,Knockout,Nose
Interpretation,Glove,Raspberry,Scanty
Titan,Cornucopia,Summit,Behavior
Call,Warranty,Victim,Who
Intimate,Uniform,Temple,Godfather
Frogs,Leak,Gem,Godparent
News,Roof,Protein,Spaghetti
Oligosaccharide,Nox,Ankle,Repair
Apple,Plum,Delay,Rebel
Family,Loon,Ukulele,Stink
Nectar,Washbowl,Faucet,Aloha
Aloe,Gargoyle,Degenerate,Sledge
Riddance,Finance,Soil,Highwayman
Hazel,Judaism,Cottage,Mainland
Albatross,Danube,Peg,Independence
Flathead,Pterodactyl,Happenstance,Velcro
Market,Dysphoria,Village,Crush
Mailman,Commerce,Sham,Scipio
Yacht,Baguette,Starvation,Crayfish
Tanner,Snot,Bermuda,Battery
Headlights,Mushroom,Jacket,Rifle
Sweater,Anger,Chili,Silk
Cleopatra,Teller,Nail,Bath
Sphere,Crutch,Rip,Chopin
Denim,December,Urn,Tcp
Canal,Rage,Yield,Futility
Girl,Taffy,Limousine,Babylonia
Misogamy,Order,Retard,Cicada
Rocket,Orchestra,Hypatia,Season
Minor,Five,Minerals,Port
Pawn,Cathedral,Africa,Complex
Yeti,Irrigation,Wage,Cavalry
Jackal,Andes,Noodles,Swimming
Moustache,Nap,Atlas,Soprano
Hobbes,Elitist,Strait,Mink
Zigzag,Reruns,Drop,Egomaniac
Manual,Cheque,Whisky,Throne
Rock,Nature,Sheets,Jaffa
Virgil,Botox,Deflation,Tow
Zenith,Needle,Quarters,Workout
Chick,Strawberry,Rake,Stephen
Furnace,Poll,Border,Help
Hinduism,Flamenco,Waiter,Wedge
Lane,Earnings,Hoist,Execution
Shutter,Triumph,Wait,Hive
Tibet,Heroine,Chauvinism,Filter
Cornmeal,Babbler,Auto,Gush
Sleet,Crash,Client,Goldfish
Engagement,Sable,Abandon,Compound
Rapture,Greens,Calcium,Barrel
Slug,Firework,Deep,Hello
Part,Go,Pagoda,Alabama
Camera,Tapir,Ancestor,Prey
Teetotaler,Persimmons,Duo,Friend
Grapes,Lavender,Grater,Jail
Oblivion,Wealth,Block,Maltreatment
Update,Herpes,Blockade,Jackson
Gust,Proceeds,Bob,Spruce
Moscow,Electricity,Snort,Michelangelo
Channel,Blues,Connecticut,Worm
Elect,Gambling,Mode,Gasp
Vandal,Raviolis,Samurai,David
Base,Ophthalmologist,Texas,Fiberglass
Fluid,Staple,Sunday,Leash
Tradition,Act,Castle,Cent
Dictionary,Garden,Aurora,Guano
Key,Checkers,Caricature,Catfish
Dread,Minister,Wrap,Cheeks
Williams,Mustache,Jupiter,Marathon
Flint,Lie,Bard,Takeaway
Mexico,Astronomy,Typist,Baseball
Croquet,Tub,Bill,Olive
Demosthenes,Suit,Poison,Demotion
Archer,Sheet,Icosahedron,Fetters
Seek,Steal,Wiener,Crop
Draft,Entomology,Maya,Pigeon
Tactic,Weed,Vacation,Ark
Herbs,Era,Coach,Cork
Surrogate,Silicon,Swimmers,Sirens
Pelican,Iceberg,Venom,Rascal
Grope,Lean,Goat,Hungary
Arizona,Samson,Egg,Children
Colour,Flock,Contrast,Upstart
Maracas,Quartz,Rice,Crack
Recluse,Incline,Iou,Curls
Iraq,Yankee,Disney,Dodo
April,Beam,Spices,Archive
Patch,Warrantee,Quaker,Socket
Pto,Star,Anchors,Batman
Turd,Gladiator,Cheddar,Infantry
Dodecahedron,Warsaw,Fire,Grapefruit
Stegosaurus,Macro,Anguish,Hypothermia
Neighbors,Distributor,Cigar,Tutor
Hardy,Pepperoni,Academy,Atlantic
Hare,Tacitus,Clown,Cereal
Exhibition,Stop,Watermelons,Nipple
North,Motorcycle,Purge,Like
Jumper,Socrates,Espresso,Dyke
Nation,Cotton,Diarrhea,Walnut
Torso,Mountie,Eraser,Vulture
Plaque,Bozos,Tchaikovsky,Uranium
Scarlet,Trunk,Cheer,Sticker
Rut,Israel,Nomad,Roadkill
Dock,Fantasy,Wand,Road
Nugget,Persimmon,Nasal,Cream
Jazz,Pharaoh,Rachmaninoff,Sleigh
Sticks,Ruin,Permit,Slant
Reservation,Hurl,Paganini,Single
Town,Bloom,Carton,Fat
Frost,Boxers,Ninja,Catch
Enemy,Lullaby,Pinball,Sway
Moped,Stitches,Profile,Wagon
Switch,Scum,Cold,Game
Public,Blitz,Gash,Smear
Elf,Odin,Heron,Zodiac
Torment,Earring,Antelope,George
Critique,Hobbit,Piano,Revolver
Confucius,Tartar,Outcast,Worry
Measure,Burden,Refill,Jade
Penguins,Crows,Liposuction,Worker
Handicap,Tesla,Gaze,Bubble
Pennsylvania,Parachute,Consort,Anubis
Debt,Free,Payroll,Potion
Cuba,Country,Mantis,Victory
Franchise,Hippocrates,Poland,Plaid
Ftp,Furniture,Cassius,Sayonara
Organic,Vegas,Dachshund,Abacus
Eyes,Australia,Snatch,Igloo
Pantyhose,Donkey,Rune,Ladybug
Probe,Briefs,Bowler,Scapegoat
Barbeque,Hunting,Piglet,Vip
Sagittarius,Lifeboat,Dance,Claw
Bunk,Tail,Lollipop,Counterfeiter
Hospital,Fart,Christianity,Fare
Goliath,Cheesecake,Lotion,Brush
One,Dresser,Bin,Columbia
Feces,Salamanders,Hod,Vivaldi
Wife,Threesome,Gateway,Vanderbilt
Lighter,Cannons,Reproduction,Thumb
Annual,Waltz,Dosage,Outcome
Whistle,Sphincter,Neon,Destiny
Mozzarella,Gravy,Hydra,Delphi
Shovel,Controversy,Alien,Monster
Neutral,Toadstool,Series,Chef
Orchard,Abduction,Guam,Manta
Bat,Gumbo,Beriberi,Vein
Raw,Raccoons,Canary,Austria
Pepper,Basalt,Test,Psycho
Pavement,Abraham,Hunter,Puff
Snack,Punch,Shake,Elephants
Zulu,Ration,Orb,Mammoth
Rally,Asylum,Underground,Flapjacks
Cormorant,White,Goblin,Pike
Bracelet,Shot,Valentine,Line
Audio,Beggar,Queer,Therapeutic
Furrow,Ants,Aberration,Flora
Boo,Pick,Twister,Snout
Sabre,Atheist,Lens,Spider
Patrician,Milt,Tabletop,October
Comb,Logomania,Gemini,Reeve
Canyon,Goldilocks,Jar,People
Feast,Cloak,Insurgent,Aristotle
Holly,Gigahertz,Fabric,Step
Pressure,Gorillas,Will,Finish
Homer,Bow,Uncle,Paddle
Owl,Salmonella,Bliss,Sponsor
Acid,Hillbilly,Slime,Broadax
Balloon,Term,Developer,Pupa
Mouth,Stapler,Nape,Delicatessen
Alternate,Patrons,Skin,Cameroon
Match,Boxes,Bit,Blimp
War,Purses,Taper,Pay
Arcades,Beaver,Doughnut,Career
License,Cylinder,Quantum,Gout
Wusses,Ladle,Cannon,Armour
Kismet,Treasure,Apartment,Parallax
Caucasian,Worcestershire,Barium,Mozart
Barge,Light,Hormone,Leo
Scoop,Loch,Quebec,Nay
Action,Erosion,Adios,Engineer
Reggae,Champion,Leek,Waffle
Invalid,Head,Room,Termite
Glaciers,Plague,Google,Judge
Break,Jakarta,Botany,Broker
Precinct,Wave,Gooseneck,Healthcare
Solo,Weeping,Maverick,Cocoa
Microwave,Pakistan,Elbow,Value
Arab,Prime,Chemical,Foot
Racket,Casino,Guillotine,Favorite
Victor,Degree,Washington,Mama
Ticks,Knock,Stage,Html
Behind,Avenue,Attack,Arthur
Muhammad,Ruby,Aesthetic,Glacier
Trophy,Protection,Bloomers,Fez
Scimitar,Appearance,Trace,Challenge
Ibis,Georgia,Purpose,Delta
Ash,Pork,Tee,Transfer
Cowboy,Abort,Hypocrisy,Ghost
Weather,Solon,Wales,Cuddle
Princess,Fandango,Function,Tribe
Couch,Testimony,Mess,Access
Bottle,Grouse,Rembrandt,Horse
Promotion,Cousin,Dragonfly,Horror
Voodoo,Penguin,Bong,Plank
Bronchitis,Plethora,Door,Deck
Shaman,Drag,Vermiculation,Pimp
Arachnids,Rebate,Tutankhamen,Nebuchadnezzar
Day,Story,Subject,Bratwurst
Keg,Memento,Puzzle,Rough
Trombone,Low,Orca,Bootleg
Vase,Lettuce,Jolly,Fist
Smegma,Chaos,Flak,List
Possession,Hammurabi,Chess,Recess
Arithmetic,Sweep,Salamander,Jesus
Bass,Tavern,Tissue,Lamp
Oatmeal,Canaries,Net,Belgium
Rash,Sniper,Ranch,Grenade
Wimp,Supermodels,Tie,Pest
Tree,Screaming,Compatibility,Visage
Rupture,Syntax,Static,Comic
Ticket,Dictatorship,Gpa,Constellation
Guppy,Curtain,Dimple,Ecstasy
Screw,Walkway,Street,Dingbat
Tom,Snore,River,Anemia
Enlightenment,Crap,Listening,Voltaire
Gentry,Spy,Inception,Mother
Hunt,Angst,Sideburns,Tango
Pier,Syrup,Russia,Lincoln
Tartan,Green,Skank,Dealer
Board,Cervix,Disk,Boaster
Envy,Danish,Snow,Secret
Backhand,Quarrel,Croak,Corporatism
Scourge,Gluten,Caress,Tube
Stethoscope,Stampede,Bangles,Influenza
Microphone,Sandals,Graphic,Gnp
Nihilist,Tornadoes,California,Crystal
Pudding,Renaissance,Navel,Guppies
Government,Ego,Semen,Tsar
Crisis,Maggots,Glider,Moose
Paintbrush,Particle,Scotch,Leviathan
Face,Foster,Force,Kink
Bris,Mammals,Throwaway,Cortez
Straw,Start,Chin,Decree
Manifest,Feed,Cave,Cranberries
Fright,Staff,Broccoli,Hawaii
Allosaurus,Matrix,Notation,Prism
Pig,Marine,Mermaid,Ruler
Thrust,Monks,Eire,Draw
Afterburner,Damn,Cavern,Idiot
Mafia,Rating,Osiris,Ricochet
Van,Stamp,Dizziness,Paradise
Chrysanthemum,Badge,Speedboat,Sweden
Cedar,Rim,Feet,Cuisine
Elder,Mistake,Stiff,Wolf
Bun,Knife,Nudist,Vanity
Ruins,Lion,Toad,Beans
Observation,Moon,Slanguage,Smile
Balcony,Racer,Wedding,Faithful
Comet,Midas,Bum,Yellow
Propaganda,Ritual,Fossils,Universe
Boob,Jack,Angle,Magnum
Zombies,Anchovy,Cool,Waffles
Fiber,Space,World,Brown
Mould,Gizzard,Tooth,Flip
Microscope,Acquisition,Ante,Kidnapper
Inch,Design,England,Hannibal
Scale,Proof,Potato,Fly
Turn,Shakespeare,Slide,Poker
Enclave,Slav,Harp,Union
Locust,Campsite,Rainmaker,Melee
Synapse,Cloud,Diaper,Invasion
Piranha,Styx,Polo,Florence
Tackle,Quasar,Puffin,Cheerleader
Globefish,Society,Skillet,Penny
Ozone,Study,Lock,Gorge
Http,Tribute,Tuition,Arms
Tantrum,Bar,Arsenic,Freeway
Talent,Mannerism,Poetry,Hop
Belligerence,Stud,Conference,Daydreaming
Runner,Valiance,Fibula,Yoga
Whirlwind,Grime,Downfall,Twilight
Gnu,Angles,Libertarian,Hangman
Cheerio,Leopard,Hangzhou,Scat
Hiroshima,Suicide,Project,Heritage
Hovel,Moo,Durian,Plain
Alpha,Quints,Vans,Candy
Thunder,Savannah,Thermos,Padlock
Terrace,Limp,Imperialism,Mustard
Restraint,Pond,Freezing,Popcorn
Complement,Straight,Mission,Brat
Dish,Oil,Hooligan,Second
Sickle,Gannet,Trap,Ambition
Serve,Common,Steep,Collar
Tumbleweed,Gas,Angus,Centre
Studio,Butler,Arcade,Amnesia
Threshold,Philadelphia,Hiccups,Positioning
Triceratops,Blackout,Stripper,Womanizer
Scurvy,State,Latin,Squeak
Pro,Machiavelli,Drink,Denmark
Chapter,Purple,Wriggle,Usher
Sprout,Cook,Snail,Bush
Orpheus,Ballet,Sauce,Golf
Qing,Punk,Smash,Loom
Mesh,Luau,Knickerbockers,Mole
Hen,Kennel,Bureaucracy,Byte
Secretary,Friends,Jaws,Tone
Toaster,Leftovers,Milkshake,Recorder
Mind,Suspect,Ignition,Eyebrows
Shotgun,Caterpillar,Open,Dean
Prairie,Surgeon,Slate,Snowman
May,Barbarian,Tin,Patio
Store,Sheep,Chicken,Lumberjack
Ghouls,Legs,Fry,Domain
Pacific,Daffodils,Republican,Drain
Grumble,Small,Squirrel,Sasquatch
Rabbit,Craft,Missionary,Image
Shame,Immigration,Peanuts,Roar
Decoy,Beatles,Greenhorn,Bravo
Scene,Massage,Aerial,Offender
Teddy,Archaeology,Junipers,Explanation
Polish,Thermometer,Pompey,Shadow
Immortal,Interface,Escort,Curate
Ultraviolet,Pedal,Despair,Rigatoni
Co2,Stagehand,Boat,Clock
Sill,Flesh,Moron,Voice
Ballroom,Paladin,Paradox,Brass
Scratch,Dreaming,Citizenship,Grinder
Retail,Simpson,Gigolo,Grudge
Enterprise,Roach,Saturn,Military
Item,Poet,Bikini,Worship
Reel,Ivory,Blanket,Chink
Stew,Campaign,Letdown,Frank
Kimono,Overlay,Rhymes,Skirmish
Badger,Jasmine,Converse,Cerebellum
Breast,Melon,Meet,Tower
Jury,Eclipse,Zoology,Bank
Wading,Hack,Wigwam,Danger
Knives,Group,Joy,Closet
Parakeet,Form,Shield,Heir
Cemetery,Quake,Race,Bedroom
Logo,Soda,Sugar,Weirdo
Pliers,Gym,Weakling,Thirst
Islam,Demographic,Barometer,Petition
Graph,Potency,Slush,Song
Trickle,Silhouette,View,Servant
Hill,Assist,Exploit,Swot
Gathering,Park,Greece,Flinch
Sausage,Gills,Court,Vinyl
Taxes,Manticore,Attic,Chameleon
Place,Navy,Matter,Lipstick
John,Ticktack,Amaryllis,Bull
Geometry,Weapon,African,Wallow
Refund,Automobiles,Blaster,Sophocles
Cap,Afghanistan,Eyepatch,Gorilla
Flashlight,Umbrella,Junction,Scream
Babylon,Berry,Theory,Photo
Kerosene,Beef,Fujiyama,Bed
Wilderness,Plug,Ethernet,Attorney
Dollar,Kelly,Pocahontas,Chickweed
Humans,Damage,Reflex,Trouble
Applesauce,Lizards,Broom,Rush
Scrape,Essence,Back,Alcohol
Ketchup,Driver,Side,Scope
Disgust,Tuna,Survivor,Gaudy
Zone,Birthday,Firecracker,Bore
Problem,Mystery,Superego,Pole
Firefighter,Henry,Voyage,Fellow
Winter,Hurry,Porcelain,Undertaker
Monsoon,Gander,Quetzal,Faq
Pillows,Toilet,Platter,Cassette
Boston,Loaf,Polyglot,Kyoto
Butcher,Harpsichord,Life,Object
Emission,Windows,Tease,Amplifier
Tea,Puppy,Picasso,Leather
Desperate,Aesop,Omission,Grill
Last,Truncheon,Kings,Scotland
Clan,Whiskers,Taboo,Funnel
Noodle,Hail,Cornstarch,Cue
Vagabond,Pose,Mecca,Nuisance
Rooster,Jaw,Makeover,Inspection
Painting,Tundra,Dash,Pint
Plunge,Distance,Lemmings,Supply
Emerald,Grocery,Coward,Mix
Ravioli,Sapphire,Special,Rival
Cajun,Magician,Wrench,Seal
Einstein,Kitten,Prometheus,Arcadia
Neophyte,Derrick,Nun,Wipeout
Nato,Helix,Mop,Absurd
Fan,Corn,Medicine,Cyanide
Handicraft,Boomer,Afterthought,Autumn
Out,Navigation,Kremlin,Angel
Paint,Elderberry,Overture,Drone
Hussar,Chaser,Foreskin,Minute
Colorado,Bacteria,Cheek,Yam
Baboon,Endowment,Ablutions,Pilgrimage
Taxi,Victoria,Smoothie,Gap
Regret,Dub,Frankenstein,Hell
Rack,Controller,Booby,Icicle
Geneva,Harmony,Perfume,Shanghai
Luxury,Tigris,Mascot,Devotee
Crank,Impact,Return,Cosmetics
University,Miaow,Lackey,Trick
Shave,Hedgehog,Pompeii,Simple
Bacon,Cree,Snapper,Code
Taiwan,Gyro,Dwarf,Cowgirl
Stevia,Gin,Chocolate,Mambo
Spike,Burger,Facial,Taco
Zeus,Iguana,Pacifist,Parsley
Fort,Slag,Man,Papaya
Firm,Temperature,Necessities,Euphoria
Pentagon,Rose,Student,Mvp
Saber,Transformer,Pronouncement,Spurs
German,Echo,Contacts,Extract
Takeout,Column,Bumper,Meatball
Panama,Script,Napoleon,Fjord
Keep,Cinnamon,Kitchen,Bigot
Paralysis,Canoe,Beetle,Timing
Twist,Stitch,Album,Tomboy
Pointillism,Menu,Settle,Linen
Mummy,Saw,Animosity,Astrology
Feathers,Bulgaria,Timber,Fascist
Baluster,Cow,Antarctica,Amphibian
Chicane,Rogue,Trump,Wise
Insurance,Chimera,Cartoon,Safari
Horde,Smooch,Grass,Conflagration
Fair,Thermopylae,Nickel,H2o
Sob,Eye,Lick,Manatee
Cuckoo,Hoop,Lizard,Blush
Soap,Steppe,Polka,Variable
Motel,Shock,Convict,Teen
Hydrogen,Surf,Moisture,Jackhammer
Software,Passive,Bureaucrat,Print
Ladder,Pulp,Connection,Magenta
Duodenum,Thesis,Humor,Spade
Dessert,Playmate,Halo,Pity
Atlantis,Scrap,Booze,Gore
Press,Friction,Cover-Up,Chemise
Www,Bounce,Symphony,Bug
Culture,Period,Tribulation,Teacher
Cod,Fade,Tetrapod,Torpedo
Windmill,Vest,Aquinas,Miser
Fridge,Espionage,Butch,Search
Apostrophe,Jawbreaker,Cheese,Fight
Roost,Orator,Acoustic,Ducat
Colony,Stunt,Cement,Commune
Loser,Babe,Pet,Bubbles
Bender,Loki,Tick,Adjustment
Bullet,Trade,Poodle,Injunction
Factory,Pottery,Tires,Vibrator
Shinto,Traveling,Manifold,Crybaby
Claptrap,Clip,Alligator,Absolute
Snare,Daisy,Management,Solitary
Bagel,Superstition,Bacteriology,Soldier
Appendicitis,Diplomat,Ion,Hood
Estate,Chatterbox,Chronology,Villain
Pin,Bus,Psychic,Hero
Dante,Dalmatians,Mold,Ham
Chap,Swarm,Imf,Halitosis
Army,Serial,Speaker,Biscuits
Resume,Stand,Mesopotamia,Surprise
Pelt,Roman,Thanksgiving,Dab
Fork,Dictator,Unicorn,Croutons
Beethoven,Loop,Vitamins,Hog
Ram,Walruses,Slack,Winner
Owen,Sun,Chilblains,Poltergeist
Distribution,Table,Forge,Dynamite
Marigold,Griffin,Pillow,Trip
Tar,Tent,Forte,Robin
Sombrero,Idea,Office,Gyros
Blender,Tide,Skies,Fettuccine
Cage,Globe,Beacon,Genus
Greek,Laughingstock,Sloth,Ra
Begonia,Singsong,Gerbil,Animal
Leprechaun,Enamel,Stir,Turtle
Dolly,Fish,Condom,Florin
Manicure,Offense,Business,Pineapple
Ornaments,Scruff,Tunnel,Chernobyl
Raid,Bump,Colombia,Yea
Tennis,Individual,Answer,Maul
Prayers,Scarf,Member,Honeymooners
Dermatologist,Mannequin,Binge,Pyramid
Harpy,Omen,Wink,Pathos
Babbling,Plunger,Bond,Koala
Hamburgers,Come,Butterfly,Morals
Governor,Tarantula,Score,Bell
Woman,Tank,Belt,Colosseum
Porridge,Plot,Groom,Dimorphism
Helmet,Walker,Nero,Messenger
Beach,Euro,Aborigine,Swim
Llamas,Fax,Eight,Point
Reactor,James,Bbs,Window
Oxford,Jockey,Throbbing,Spread
Grace,Frostbite,Arctic,Holograph
Alibi,Fall,Cargo,Pickpocket
Meat,Hotchpotch,Petal,Camellia
Dadaism,Souvenir,Pumpkin,Jinx
Slayer,Jitterbug,Figurine,Disco
Belly,Paprika,Roughage,Nurse
Canvas,Lime,Sleepover,Seven
Interim,Maui,Pattern,Tapestry
Boy,Cruiser,Guard,Fluorescent
Survey,Slash,Politics,Livy
Gringo,Cut,Exodus,Lure
Porter,Stranger,Smell,High
Scab,Retro,Squirt,Wetland
American,Jealousy,Buck,Woodpecker
Sentence,Thigh,Bartender,Discount
Maiden,Stones,Descartes,Lid
Myth,Netherlands,Calculator,Manure
Nirvana,Fumble,Max,Oxygen
Greenhouse,Love,Lice,Charger
Recall,Aphrodite,Effect,Produce
Millionaire,Foil,Democracy,Slur
Backup,Feeder,Bayonet,Abundance
Basket,Donut,Retreat,Bolivia
Norse,Jamaica,Ridge,Gossamer
Mediterranean,Cheat,Drip,Pears
Field,Carrot,Hang,Earthquake
Company,Charge,Cane,Buffet
Rags,Brazil,Monaco,Beholder
Marble,Insect,Metronome,Homo
Instrument,Sioux,Television,Neptune
Sport,Mainstream,Hurricanes,Sister
Topping,Turpentine,Phony,Joint
Service,Enchantment,Stare,Dear
Elephant,Dryer,Payback,Magic
Wheel,Video,Setup,Hippopotamus
Ignorance,Palace,Marley,Oxymoron
Badlands,Habit,Hat,Child
Johannesburg,Freeloader,Cherry,Elevator
Calendar,Graze,Job,Fear
Poor,Blowing,Weave,Peanut
Vietnam,Phone,Document,Hitler
Pseudo,Creep,Balance,Avocado
Indonesia,Buy,Wire,Dustpan
Urine,Ray,Chimpanzee,Film
Route,Pucker,Ear,Let
Toast,Witch,Meditation,Axe
Thyroid,Flames,Sweet,Shrug
Cholesterol,Locations,Death,Cicero
Honey,Laguna,August,Poop
Dead,Terror,Plant,Carnegie
Edge,Dump,Discuss,Wardrobe
Chip,Slip,Tattoo,Cello
Folder,Medici,Gloves,Taste
Mustang,Finch,Class,Trance
Still,Tahiti,Pear,Thor
Ace,Token,Date,Pontificate
Fetch,Arachnid,Colonel,Troubles
Map,Coat,Hamburger,Address
Turnip,Drill,Avalanches,Doll
Message,Maine,Skunk,Cassandra
Vulcan,Saxophone,Stuff,Negative
Andromeda,Discord,Fascism,Eyesore
Program,Czech,Coconut,Balloons
Supper,Trident,Clap,Parchment
Paleontology,Safe,Transmitter,Howl
Work,Tabernacle,Comforter,Breath
Noise,Granddad,Molecule,Aphrodisiac
Counter,Brain,Sneeze,Spring
Tinsel,Whirlpool,Pass,Copper
Mirage,Sandbox,Omelet,Command
Rhino,Inside,Themistocles,Error
Bondage,Towel,Pedophile,Pool
Muffler,Broadcast,Default,Pants
Razzmatazz,Flame,Gold,Sock
Smith,Weight,Puddle,Zion
Neurologist,Morning,Negro,Questions
Theresa,Fuel,Octopus,Fatty
Tranquility,Nuance,Blockhead,Till
Opium,Cyrus,Posture,Mac
Cremation,Stall,Farm,Medal
First,Beasts,Carthage,Volume
Volley,Fishmonger,Pendulum,Tennessee
Stomach,Vegetarians,Arrest,Stone
Knot,Currency,Binoculars,Franc
Paste,Heptagon,Asset,Canada
Powder,Winking,Silly,Ivy
Hide,Breeze,Quest,Talon
Pandora,Eccentric,Pound,Pail
Louisiana,Decimal,Vector,Grease
Void,Dame,Gift,Monkey
Touch,Roadrunner,Cabaret,Beard
Inn,Elegance,Gender,Tokyo
Interpreter,Redemption,Zombie,Photography
Roast,Naga,Rug,Zoologist
Peer,Dice,Charm,Needles
Pea,Grinning,Hideout,Fingers
Trumpet,Avatar,Lily,Moat
Wagner,Genome,Breakfast,Contempt
Mash,Kepler,Gallery,Root
Sandwich,Pee,Mate,System
Jewelry,Commoners,Snooker,Cobra
Well,Misfortune,Constantinople,Luck
Wind,London,Dog,Cannibal
Bananas,Fang,Cider,Queen
Stadium,Iron,Detergent,Brandy
Anemone,Lint,Raft,Interest
Upset,Broadway,Sukiyaki,Dalmatian
Dawn,Cinderella,Guerrilla,Boyfriend
Foam,Mulberry,Drawing,Nut
Ditto,Hut,Bankruptcy,Tool
Skyscraper,Intern,Azalea,Troy
Hyena,Mechanism,Democrat,Intestine
Analysis,Sky,Duplicate,Gear
Lithuania,Hellhound,Killifish,Mud
Mug,Groupies,Hapsburg,Adamant
Brave,Rope,Toothpaste,Equity
Sphinx,Labor,Zipper,Asia
Murmur,Algebra,Industry,Darwinism
Accessory,Brain,Alarm,Space
Adventure,Red,Line,Umbrella
Advocate,Fur,Chain,Cold
Africa,Liquid,Twins,Patio
Airport,Sport,Currency,Mirage
Air,Police,Double,Silence
Alcohol,Nude,Well,Rooster
Alliance,Cabin,Old,Tiger
Ambulance,Fox,Mountain,Dictator
America,Wand,Pigeon,Robot
Ammo,Vacation,Rose,Volume
Angel,Key,Bed,Zoo
Animal,Map,Waiter,Fool
Antarctica,Armor,Curtain,Charge
Antiquity,Exit,Plant,Candle
Appetite,War,Heart,Gas
Apple,Common,Exhibition,Ship
Apprentice,Heritage,Bedroom,Mustard
Apron,Cube,Degree,Siren
Archaeology,Cork,Distributor,Plush
Architecture,Family,Flame,Sleeve
Arm,Work,Cream,Laser
Arrow,Shadow,Picture,Market
Asia,Glove,Shape,Ground
Assassin,Powder,Labyrinth,Party
Asset,Race,Closet,Rain
Astronaut,Fish,Padlock,Inside
Attack,Dough,Queen,Water
Attraction,Rake,Tongue,Wizard
Autumn,Machine,Curry,Underground
Award,Fly,Calendar,Skull
Axe,Board,Button,Union
Baby,Sight,Base,Subway
Bag,Thin,Rice,Balcony
Bakery,Tent,Noodle,Weapon
Balance,Universe,Chameleon,Wheel
Ball,Night,Tree,School
Ballroom,Hen,Bike,Mirror
Banana,Tattoo,Doe,Clothing
Band,Bone,Marine,Spring
Bang,Owl,Ruin,Stamp
Bank,Lava,Dessert,God
Bar,Strong,Knife,Caterpillar
Bark,Wind,China,Belt
Barn,Explore,Giant,Bucket
Barracks,Kiss,Duck,Trim
Basement,Sun,Concert,Cable
Basket,Weak,Knight,Toy
Bath,Nerve,Plane,Nut
Battery,Carpet,Laugh,Luxury
Bay,Pipe,Magic,Slow
Beach,Morning,Head,Device
Bear,Solitary,Grave,Train
Beard,North,Bottle,Group
Beast,Volcano,Root,Screen
Beef,Doctor,Mark,Chair
Beer,Marker,Technology,Edge
Belgium,Sharp,Carton,Snake
Bell,Fruit,Whale,Wild
Bench,Patron,Stud,Camera
Berry,Electricity,Spy,Tube
Big,Business,Dish,Myth
Bill,Tank,Challenge,Friend
Bin,Forbidden,Hammer,Drawing
Bird,Treasure,Nurse,Sticky
Birthday,Press,Military,Dinosaur
Bite,Fashion,Movie,Tile
Black,Hunt,Thread,Sponge
Blade,Peace,Bowl,Mouth
Blanket,Pearl,Carrot,Lady
Blond,Trailer,Décor,Recipe
Blood,Magniscope,Report,String
Blue,Tunnel,Dress,Vision
Boat,Iron,Whirlwind,Wine
Body,Cat,Record,Monster
Bomb,Food,Gift,Library
Book,Soft,Poison,Diamond
Boot,Rat,Gate,Ray
Border,Log,Master,Skin
Boss,Colour,Rifle,Post
Bottom,Leaf,Career,Swing
Bouquet,Box,Eye,Sea
Boxing,First,Fever,Building
Bracelet,Deep,Region,Cemetery
Branch,Quilt,Soap,Full
Bread,Chess,Mummy,Flight
Bridge,Defence,Piano,Sense
Bronze,Sabre,Broom,Tradition
Brother,Grate,Envelop,Turnip
Brown,Covered,Furniture,Comforter
Brush,Travel,Flower,Fishing
Bubble,Poetry,Sweet,Nest
Buckle,Sword,Grease,Wish
Bug,Genius,Jewel,Summit
Bulb,Cake,Princess,Cactus
Bump,Green,Pie,Cage
Bus,Egg,Nail,Newspaper
Butcher,Smoke,Needle,Knot
Butterfly,Road,Cocktail,Face
Cabbage,Stunt,Month,Stroke
Camouflage,Salad,Young,Ocean
Camp,Crescent,Outlet,Size
Canal,Wheat,Museum,Roof
Candy,Court,Danger,Grass
Cane,Wool,Dungeon,Ring
Cannon,Potato,Champion,Permanent
Cantina,Lightning,Phone,Music
Canvas,Punch,Soup,Game
Capital,Doll,Past,Flash
Captain,Father,Internet,Snack
Car,Small,Humour,Garbage
Card,Porcelain,Pump,Season
Case,Pepper,Fast,Light
Casino,Mind,Moon,Hide
Castle,Frost,Plastic,Detergent
Cavalry,Minor,White,Fable
Cave,Mosquito,Magician,Studio
Cavern,Shark,Feed,Ear
Cell,Console,Voice,Recipient
Cereal,Evening,Plank,Oasis
Champagne,Switzerland,Cockroach,Landscape
Chariot,Limb,Napkin,Perfume
Charm,Tame,Flour,Sail
Chef,Square,Salt,Cotton
Cheese,Illness,Column,Cloud
Chest,Pit,Paintbrush,Nightmare
Chick,Fountain,Ice,Walk
Child,Shirt,Tail,Menu
Chimney,Clean,Story,Jar
Chocolate,Office,Pair,Protect
Church,Table,Mushroom,Truck
Cigarette,Stick,Country,Secret
Cinema,Cup,Jump,Dream
Circle,Sock,Door,Cow
Circus,Ladder,Pilot,Skate
Claw,Mud,Grenade,Trash
Climbing,Pond,Firefighter,Sheep
Clown,Feline,Garage,Tobacco
Club,Loop,Stylist,Pyramid
Coffee,Puzzle,Cougar,Stone
Comedy,Pocket,Suite,Missile
Commerce,Trophy,Shovel,End
Computer,Demon,Revolver,Jelly
Cookie,Craft,Shell,Flea
Couch,Farm,Helmet,Strength
Crab,Passion,Field,Flute
Crane,District,Lazy,Stocks
Cross,Hot,Dwarf,Science
Crown,Dance,Prison,Matter
Crow,Hand,River,Radio
Cuddle,New,Violin,Fairy
Cushion,Necklace,Oil,Vampire
Day,Shield,Inspection,History
Dead,Radar,Reptile,Major
Delivery,Song,Station,Throat
Desert,Paper,Virus,Honey
Detective,Town,Sky,Spice
Devil,Mint,Recent,Layer
Diet,Explosion,Top,Show
Dirty,Medal,Wave,Fair
Display,Octopus,Right,Forest
Dog,Ramp,Television,Lemon
Donkey,Virgin,Mug,Park
Down,Guide,Love,Memory
Dragon,Europe,Repair,Victory
Dresser,Suitcase,Judge,Herbs
Drink,Horse,Polar,Short
Drum,Fire,Sister,Hotel
Dynamite,Pliers,Slide,Snail
Earth,Mouse,Yellow,Toilet
Elastic,Triangle,Weather,Order
Emergency,Metal,Lighthouse,Hero
Engine,Letter,Safari,Sewer
Entry,Round,Sand,Oven
Essence,Joke,Hospital,Roast
Fault,France,Physical,Rabbit
Feather,Pan,Orange,Tiny
File,Magnet,Tennis,Shop
Finger,Note,Hard,Kitchen
Flask,Marriage,Target,Leak
Foam,Handle,Talent,Vegetable
Foot,Winter,Island,High
Forecast,Screw,Tomato,Grey
Frame,Weight,Pumpkin,Jungle
Fry,Ruler,Mail,Revolution
Fuel,Luck,Roll,Hook
Gamble,Mask,Sugar,Port
Garden,Spear,Ink,Stitches
Ghost,Storm,Pad,Soldier
Glass,Turn,Hobbies,Series
Glasses,Syrup,King,Place
Gold,Melon,Lake,Sound
Grain,Shed,Turtle,Statue
Grape,Shower,Utensil,Middle
Guardian,Moist,Sunday,Wolf
Guitar,Thermometer,Lock,Schedule
Hair,Tool,Hall,Heroine
Handicap,Lion,Rich,Star
Hardware,Ticket,Witness,Sausage
Hat,Large,Pine,Spicy
Hearing,Ladle,Hearth,Stage
Heavy,Tea,Room,Life
Heel,Revenge,Watch,Motor
Hell,Track,Milk,Taste
Hole,March,Wood,Skeleton
Hood,Pear,Lamp,House
Human,Window,Uniform,Whip
Instrument,Limit,Pirate,Intersection
Ireland,Medusa,Lighter,Shelter
Ladybug,Restaurant,Painting,Speaker
Mass,Photo,Orchard,Performance
Match,Mother,Rope,Paradise
Mobile,Oak,Raft,Suspect
Moustache,Surgeon,Silver,Pizza
Oar,Thief,Theatre,Smell
Palace,Wing,Snow,Scissors
Pig,Sage,Trade,Rail
Promotion,Thunder,Straw,Religion
Shelf,Tornado,Spider,Transport
Species,Temple,Suit,Summer
